file,encoding,newline,sql_statements,dialect_hits
libWM10/f_gettable_name.cpp,gb18030,LF,5,0
libWM10/f_wm_mm0099.cpp,gb18030,LF,2,0
libWM10/f_wm_modi_pile_layerno.cpp,gb18030,LF,1,0
libWM10/f_wm_pm0099.cpp,gb18030,LF,0,0
libWM10/f_wm_ps0099.cpp,gb18030,LF,0,0
libWM10/f_wm_stock.cpp,gb18030,LF,0,0
libWM10/f_wm_stock_in.cpp,gb18030,LF,1,0
libWM10/f_wm_stock_log.cpp,gb18030,LF,0,0
libWM10/f_wm_stock_move.cpp,gb18030,LF,0,0
libWM10/f_wm_stock_out.cpp,gb18030,LF,1,0
libWM10/f_wm_stock_update.cpp,gb18030,LF,3,0
libWM10/f_wmhrhr_crane_down.cpp,gb18030,LF,0,0
libWM10/f_wmhrhr_crane_make.cpp,gb18030,LF,5,3
libWM10/f_wmhrhr_crane_up.cpp,gb18030,LF,0,0
p_wm10_8630/wm11_inq.cpp,gb18030,LF,3,0
p_wm10_8630/wm12_inq.cpp,gb18030,LF,3,0
p_wm10_8630/wm17_inq.cpp,gb18030,LF,3,0
p_wm10_8630/wm17_inq_mat.cpp,gb18030,LF,2,0
p_wm10_8630/wma2_inq.cpp,gb18030,LF,3,0
p_wm10_8630/wma4_inq.cpp,gb18030,LF,2,0
p_wm10_8640/wm11_in_reject.cpp,gb18030,LF,0,0
p_wm10_8640/wm11_instock.cpp,gb18030,LF,0,0
p_wm10_8640/wm12_outstock.cpp,gb18030,LF,0,0
p_wm10_8640/wm17_adj.cpp,gb18030,LF,0,0
p_wm10_8640/wm17_cmd.cpp,gb18030,LF,0,0
p_wm10_8640/wm17_mov.cpp,gb18030,LF,1,0
