archive,member,status,byte_identical_workspace_paths,feature_lines,sha256,recommendation
Client/xr-mmsm-ag/src/views/MMSM96S2N.zip,MMSM96S2N/MMSM96S2N.ts,压缩包候选，发布身份待确认,Client/xr-mmsm-ag/src/views/MMSM96S2N/MMSM96S2N.ts,"{""string_functions"":[117],""null_blank_semantics"":[23,29,117,165]}",15fcc86539e77b0276fb8509f6cbc9bc4afb1b66dea446766ac88247289a274b,确认参与发布与否；按内容关联当前源码，旧副本不自动删除或混算。
Client/xr-mmsm-ag/src/views/MMSM96S2N.zip,MMSM96S2N/MMSM96S2N.vue,压缩包候选，发布身份待确认,Client/xr-mmsm-ag/src/views/MMSM96S2N/MMSM96S2N.vue,"{""sql_bind_marker"":[3,13,61,79],""query_service_names"":[5,12,28,32,36,40,44,48,52,61]}",01b3f24c258187dc2fe973cb9eea945a86e94f46c2eaf2a0a868b05a2d387c3f,确认参与发布与否；按内容关联当前源码，旧副本不自动删除或混算。
Client/xr-mmsm-ag/src/views/MMSM96S2N.zip,MMSM01A1S2N/MMSM01A1S2N.ts,压缩包候选，发布身份待确认,Client/xr-mmsm-ag/src/views/MMSM01A1S2N/MMSM01A1S2N.ts,"{""string_functions"":[96,128,137,143,151,159,165,449,469,470,472,473,479,480,481,482,490,491,492,493,494,505,511,520,521,524,532,534,535,536,543,545,566,585,586,592,593,594,595,602,603,604,605,606,616,622,631,632,635,636,637,664,683,684,686,687,693,694,695,696,703,704,705,706,707,717,723,732,733,736,744,746,747,748,754,756,767,786,787,789,790,796,797,798,799,806,807,808,809,810,820],""null_blank_semantics"":[28,32,41,42,96,143,159,222,223,224,225,226,469,472,520,525,585,631,683,686,732,737,786,789,905,906,907,908,909],""concat_operator"":[96,99,107,118,128,900]}",96e787a3d744f594d7a0939ec4749e3e8a02c78de70fe4d3029cd8ce415e5dc5,确认参与发布与否；按内容关联当前源码，旧副本不自动删除或混算。
Client/xr-mmsm-ag/src/views/MMSM96S2N.zip,MMSM01A1S2N/MMSM01A1S2N.vue,压缩包候选，发布身份待确认,Client/xr-mmsm-ag/src/views/MMSM01A1S2N/MMSM01A1S2N.vue,"{""sql_bind_marker"":[4,14,20,56],""query_service_names"":[6,13,22,26,30,34,38,42]}",da3ae6a53de037c6af6f52e110b13a6d25ecc6be9ae8abd21fb3a88d91b2f0eb,确认参与发布与否；按内容关联当前源码，旧副本不自动删除或混算。
Client/xr-tmsmx/src.zip,src/App.vue,压缩包候选，发布身份待确认,,"{""sql_bind_marker"":[2,3,4,5,6,24],""query_service_names"":[41,45,50,56]}",ee45bff267917dd17be0d471b0d77cd7a1832c0f2a73dd404903753f2c44b0c9,确认参与发布与否；按内容关联当前源码，旧副本不自动删除或混算。
Client/xr-tmsmx/src.zip,src/components/Result/svg/unauthorized.vue,压缩包候选，发布身份待确认,,"{""sql_bind_marker"":[2,3,4,5,6]}",c4c82dd5a3461beebd57458b188520b42612a4f2ae05e35a9e90ec1f8cc4c23b,确认参与发布与否；按内容关联当前源码，旧副本不自动删除或混算。
Client/xr-tmsmx/src.zip,src/components/TMSMGT_MENU/TMSMGT_MENU.ts,压缩包候选，发布身份待确认,Client/xr-tmsmx/src/components/TMSMGT_MENU/TMSMGT_MENU.ts,"{""string_functions"":[186],""null_blank_semantics"":[102],""concat_operator"":[81,83,169]}",61e72ec770a71bf6a6bba6165706f4bfbed816ecaa37adcaa8b1102815fb86de,确认参与发布与否；按内容关联当前源码，旧副本不自动删除或混算。
Client/xr-tmsmx/src.zip,src/components/TMSMGT_MENU/TMSMGT_MENU.vue,压缩包候选，发布身份待确认,Client/xr-tmsmx/src/components/TMSMGT_MENU/TMSMGT_MENU.vue,"{""sql_bind_marker"":[7,13,14,15,28,41,48,56,63,71,78]}",ab2516725ca1811cd4d176fab0732b4660f3cea4ab1918417a29c822c63afaf8,确认参与发布与否；按内容关联当前源码，旧副本不自动删除或混算。
Client/xr-tmsmx/src.zip,src/components/TMSMGT_QY/TMSMGT_QY.vue,压缩包候选，发布身份待确认,Client/xr-tmsmx/src/components/TMSMGT_QY/TMSMGT_QY.vue,"{""sql_bind_marker"":[5,6,12]}",77d7449a607e1da185ea6d44e0e633bdbc380335e0fdbf21168bce0e3d9559d6,确认参与发布与否；按内容关联当前源码，旧副本不自动删除或混算。
Client/xr-tmsmx/src.zip,src/components/TMSMGT_TANK/TMSMGT_TANK.vue,压缩包候选，发布身份待确认,Client/xr-tmsmx/src/components/TMSMGT_TANK/TMSMGT_TANK.vue,"{""sql_bind_marker"":[10,24,26,27,28,29,30,392]}",63f3d9377f3f3f089051b704c822d761e63c838e09d36b9480ab009953a673ab,确认参与发布与否；按内容关联当前源码，旧副本不自动删除或混算。
Client/xr-tmsmx/src.zip,src/main.ts,压缩包候选，发布身份待确认,,"{""sql_bind_marker"":[2,3,4,5,6,152],""concat_operator"":[118,184,186]}",08f6211bdd7bb75df71f648595948a0e906c772c4646e6e27cad4bea01cea3ba,确认参与发布与否；按内容关联当前源码，旧副本不自动删除或混算。
Client/xr-tmsmx/src.zip,src/model/data.d.ts,压缩包候选，发布身份待确认,,"{""sql_bind_marker"":[2,3,4,5,6]}",6fa138c6f11c7deda9fdf373bc05760b778bd8b49b9fd921636adb342983eb69,确认参与发布与否；按内容关联当前源码，旧副本不自动删除或混算。
Client/xr-tmsmx/src.zip,src/router/index.ts,压缩包候选，发布身份待确认,,"{""sql_bind_marker"":[2,3,4,5,6],""string_functions"":[17,43]}",26f42947b5e76a23634e4e513eb6907a3552d2d0f10381ad0123fea79d0a803d,确认参与发布与否；按内容关联当前源码，旧副本不自动删除或混算。
Client/xr-tmsmx/src.zip,src/utils/i18n/local.zh.ts,压缩包候选，发布身份待确认,,"{""sql_keywords"":[100,101,105,106,352,370,396,397,404,405,406],""group_hierarchy_window"":[193,194,230,328]}",63d7a87b798d78360a8e4435d922602709ae2ce7af29f7b7e0783e06cb4578fa,确认参与发布与否；按内容关联当前源码，旧副本不自动删除或混算。
Client/xr-tmsmx/src.zip,src/utils/theme.ts,压缩包候选，发布身份待确认,,"{""sql_bind_marker"":[2,3,4,5,6],""concat_operator"":[10]}",10bb9e2b0e4439769e4e10eda5bb34a043421ee1065cf3ac25232755484aad17,确认参与发布与否；按内容关联当前源码，旧副本不自动删除或混算。
Client/xr-tmsmx/src.zip,src/views/404/index.vue,压缩包候选，发布身份待确认,,"{""sql_bind_marker"":[2,3,4,5,6]}",027b80671b5f00d200065eb78b3d4e741fba1158bb7e71b6b4bead8abb2497f8,确认参与发布与否；按内容关联当前源码，旧副本不自动删除或混算。
Client/xr-tmsmx/src.zip,src/views/TM0097AV/TM0097AV.ts,压缩包候选，发布身份待确认,,"{""null_blank_semantics"":[51,53,261],""concat_operator"":[188,189,190,191,192],""query_service_names"":[131,132,133,134]}",03442bed63dd73ac13d0ba94068369b315ac53bd15d0c213e3802ad1598aa8d7,确认参与发布与否；按内容关联当前源码，旧副本不自动删除或混算。
Client/xr-tmsmx/src.zip,src/views/TM0097AV/TM0097AV.vue,压缩包候选，发布身份待确认,,"{""sql_bind_marker"":[3,28,29,48,63,74,84,99,106,114],""query_service_names"":[13,25,45,80]}",c7695bfbf558edb1029d4e159f018b2515985500dd8d5d24ae2d44fd55f5871f,确认参与发布与否；按内容关联当前源码，旧副本不自动删除或混算。
Client/xr-tmsmx/src.zip,src/views/TMSM121S2N/TMSM121S2N.ts,压缩包候选，发布身份待确认,,"{""sql_keywords"":[102,164,226],""direct_client_query"":[102,164,226],""dynamic_sql_payload"":[102,164,226],""string_functions"":[102,164,226,408],""numeric_conversion"":[429,435,436,437,438,439,440,441],""null_blank_semantics"":[50,51,103,111,165,173,227,235,408],""concat_operator"":[102,164,226],""query_service_names"":[25,396,398,400,407,410,416,417,419,429,430,443,444,446,451,452,454]}",1e7434522edc6fd0ec4b936de16cc537d826b331886cc68ffa9eb863ef6f6d8f,确认参与发布与否；按内容关联当前源码，旧副本不自动删除或混算。
Client/xr-tmsmx/src.zip,src/views/TMSM121S2N/TMSM121S2N.vue,压缩包候选，发布身份待确认,Client/xr-tmsmx/src/views/TMSM121S2N/TMSM121S2N.vue,"{""sql_bind_marker"":[3,14,23,32,46],""query_service_names"":[7,13,22,31]}",3f4302e5885a67f8c02701f9c16765326081cec8d45a3a5ef3df67cb2f3b56be,确认参与发布与否；按内容关联当前源码，旧副本不自动删除或混算。
Client/xr-tmsmx/src.zip,src/views/TMSM12AV/TMSM12AV.ts,压缩包候选，发布身份待确认,Client/xr-tmsmx/src/views/TMSM12AV/TMSM12AV.ts,"{""null_blank_semantics"":[48,49,209],""query_service_names"":[25,245,247,249,250,251]}",fecec06f26d28975eb20f933d32e9119b38bd4c9650237f250bebc94bec39677,确认参与发布与否；按内容关联当前源码，旧副本不自动删除或混算。
Client/xr-tmsmx/src.zip,src/views/TMSM12AV/TMSM12AV.vue,压缩包候选，发布身份待确认,Client/xr-tmsmx/src/views/TMSM12AV/TMSM12AV.vue,"{""sql_bind_marker"":[3,14,27],""query_service_names"":[7,13]}",3eeb724c4c8e4af500326d10afaff9532e8e7e813621b7bf96b7d1538a02709c,确认参与发布与否；按内容关联当前源码，旧副本不自动删除或混算。
Client/xr-tmsmx/src.zip,src/views/TMSM13AV/TMSM13AV.ts,压缩包候选，发布身份待确认,,"{""null_blank_semantics"":[42,48],""query_service_names"":[25]}",c5ff0499383643fa693e2e9f5ea280872f83901b498afe511c741e993958e6dc,确认参与发布与否；按内容关联当前源码，旧副本不自动删除或混算。
Client/xr-tmsmx/src.zip,src/views/TMSM13AV/TMSM13AV.vue,压缩包候选，发布身份待确认,,"{""sql_bind_marker"":[3,13,25,37,51],""query_service_names"":[5,13,25,37]}",81452c1a2249f5f8274a088a02f903377ee5f4b2be020bfbbba7a4c0fdec2c25,确认参与发布与否；按内容关联当前源码，旧副本不自动删除或混算。
Client/xr-tmsmx/src.zip,src/views/TMSM14AV/TMSM14AV.ts,压缩包候选，发布身份待确认,Client/xr-tmsmx/src/views/TMSM14AV/TMSM14AV.ts,"{""string_functions"":[66,67,69,70,71],""null_blank_semantics"":[39]}",469d30ac5daec4d6d6a4129f29a29ac5737b5f87364f97c224a05ffb1db32ddf,确认参与发布与否；按内容关联当前源码，旧副本不自动删除或混算。
Client/xr-tmsmx/src.zip,src/views/TMSM14AV/TMSM14AV.vue,压缩包候选，发布身份待确认,Client/xr-tmsmx/src/views/TMSM14AV/TMSM14AV.vue,"{""sql_bind_marker"":[3,13,25],""query_service_names"":[5,12]}",3e0a5cec6a168cdb182f40fc5ebf194f777bdfb3f6ea73b5294d21590c22b750,确认参与发布与否；按内容关联当前源码，旧副本不自动删除或混算。
Client/xr-tmsmx/src.zip,src/views/TMSM15AV/TMSM15AV.ts,压缩包候选，发布身份待确认,Client/xr-tmsmx/src/views/TMSM15AV/TMSM15AV.ts,"{""sql_keywords"":[185],""sql_generation"":[185],""direct_client_query"":[189],""dynamic_sql_payload"":[189],""sql_building_extended"":[185],""string_functions"":[74,75,76,78,79,80,81,82,83,85],""date_time_extra"":[115,116,117,119],""null_blank_semantics"":[40]}",36c54c211a1c7b05ee313f7d15fe9c86e267a178432673c6de4a9f3119d1c6fb,确认参与发布与否；按内容关联当前源码，旧副本不自动删除或混算。
Client/xr-tmsmx/src.zip,src/views/TMSM15AV/TMSM15AV.vue,压缩包候选，发布身份待确认,Client/xr-tmsmx/src/views/TMSM15AV/TMSM15AV.vue,"{""sql_bind_marker"":[3,10,15,23,35],""query_service_names"":[6,14,22]}",3fa9d75ccb50d2757b350838eb658b489c0c847cc6c0d3f1a5146112e257e312,确认参与发布与否；按内容关联当前源码，旧副本不自动删除或混算。
Client/xr-tmsmx/src.zip,src/views/TMSM181AV/TMSM181AV.ts,压缩包候选，发布身份待确认,Client/xr-tmsmx/src/views/TMSM181AV/TMSM181AV.ts,"{""string_functions"":[64,65,67,68,69],""null_blank_semantics"":[39]}",262285cc8cb0b8effb3a4cde2545be96e8626e3bba1526231b7956ebc3cdb9bc,确认参与发布与否；按内容关联当前源码，旧副本不自动删除或混算。
Client/xr-tmsmx/src.zip,src/views/TMSM181AV/TMSM181AV.vue,压缩包候选，发布身份待确认,Client/xr-tmsmx/src/views/TMSM181AV/TMSM181AV.vue,"{""sql_bind_marker"":[3,12,23],""query_service_names"":[4,11]}",e24ff085e0490ed5075b1a34fecfdaf68ca11f53aa4a1d4223003c03f6133b17,确认参与发布与否；按内容关联当前源码，旧副本不自动删除或混算。
Client/xr-tmsmx/src.zip,src/views/TMSM200AV/TMSM200AV.ts,压缩包候选，发布身份待确认,,"{""sql_keywords"":[121],""sql_bind_marker"":[2],""sql_generation"":[121],""direct_client_query"":[123],""dynamic_sql_payload"":[123],""sql_building_extended"":[121],""string_functions"":[92,93,95,96,97,98,99,132,197,208,211,221,228,242],""numeric_conversion"":[225],""date_time_extra"":[159,160,161,162,163,164,165,176,177,178,180,225],""null_blank_semantics"":[52,84],""concat_operator"":[190],""query_service_names"":[32]}",bd176abb334d78ed51658be0c8a604f6bfb175d71bbf3273e2a459f5c7432ef8,确认参与发布与否；按内容关联当前源码，旧副本不自动删除或混算。
Client/xr-tmsmx/src.zip,src/views/TMSM200AV/TMSM200AV.vue,压缩包候选，发布身份待确认,,"{""sql_bind_marker"":[3,15,22,24,32],""query_service_names"":[6,14]}",96888405ef93fb090bbb2a4f6fb075e815f7f45471134c67744ddf9244594e31,确认参与发布与否；按内容关联当前源码，旧副本不自动删除或混算。
Client/xr-tmsmx/src.zip,src/views/TMSM97AV/TMSM97AV.vue,压缩包候选，发布身份待确认,Client/xr-tmsmx/src/views/TMSM97AV/TMSM97AV.vue,"{""sql_bind_marker"":[3,28,47],""query_service_names"":[19,27,36]}",2972230bddd4a78a438d87b6e6ee7cce9f01d0797bdc154be03e42944d68906a,确认参与发布与否；按内容关联当前源码，旧副本不自动删除或混算。
Client/xr-tmsmx/src.zip,src/views/TMSMADDAV/TMSMADDAV.vue,压缩包候选，发布身份待确认,Client/xr-tmsmx/src/views/TMSMADDAV/TMSMADDAV.vue,"{""sql_bind_marker"":[2,3,4,5,6,12,13,30],""query_service_names"":[19]}",46ded77ceec5dfdfd025aa8f0388ca62e42bd18e5327f0eab55cb55ae1880a26,确认参与发布与否；按内容关联当前源码，旧副本不自动删除或混算。
Client/xr-tmsmx/src.zip,src/views/TMSMDR/TMSMDR.ts,压缩包候选，发布身份待确认,Client/xr-tmsmx/src/views/TMSMDR/TMSMDR.ts,"{""sql_keywords"":[95],""sql_generation"":[95],""direct_client_query"":[96],""dynamic_sql_payload"":[96],""sql_building_extended"":[95],""string_functions"":[216],""ordering_limit"":[95],""null_blank_semantics"":[42,48],""query_service_names"":[25]}",fa2c37b22f5839d648bab72785052c9fe34403705c709ead8f612689c380ee62,确认参与发布与否；按内容关联当前源码，旧副本不自动删除或混算。
Client/xr-tmsmx/src.zip,src/views/TMSMDR/TMSMDR.vue,压缩包候选，发布身份待确认,Client/xr-tmsmx/src/views/TMSMDR/TMSMDR.vue,"{""sql_bind_marker"":[3,6,10,24],""query_service_names"":[9]}",679031b7f452183620577d2690518e956f4c23d42113e05ddeb2c56f0e0cc3fb,确认参与发布与否；按内容关联当前源码，旧副本不自动删除或混算。
Client/xr-tmsmx/src.zip,src/views/TMSMGT/TMSMGT.ts,压缩包候选，发布身份待确认,Client/xr-tmsmx/src/views/TMSMGT/TMSMGT.ts,"{""concat_operator"":[268]}",7cb5d84bc3d847287b4e56fd982f53a3fdba358fb13d7965e84ac58bea36e34e,确认参与发布与否；按内容关联当前源码，旧副本不自动删除或混算。
Client/xr-tmsmx/src.zip,src/views/TMSMGT/TMSMGT.vue,压缩包候选，发布身份待确认,Client/xr-tmsmx/src/views/TMSMGT/TMSMGT.vue,"{""sql_keywords"":[20,62],""sql_bind_marker"":[15,16,17,18,30,37,44,52,59,69,70,71,72,138,139,140,141,156,157,158,159,174,175,176,177,192,193,194,195,210,211,212,213,228,229,230,231,246,247,248,249,264,265,266,267,282,283,284,285,300,301,302,303,317,318,319,320,335,336,337,338,353,354,355,356,370,371,372,373,389,390,391,392,407,408,409,410,425,426,427,428,444,445,446,447,462,463,464,465,480,481,482,483,499,500,501,502,517,518,519,520,535,536,537,538,554,555,556,557,572,573,574,575,591,592,593,594,609,610,611,612,627,628,629,630,645,646,647,648,664,665,666,667,682,683,684,685,700,701,702,703,718,719,720,721,736,737,738,739,754,755,756,757,773,774,775,776,791,792,793,794,810,811,812,813,828,829,830,831,847,848,849,850,865,866,867,868,884,885,886,887,902,903,904,905,921,922,923,924,939,940,941,942,957,958,959,960,975,976,977,978,993,994,995,996,1011,1012,1013,1014,1029,1030,1031,1032,1047,1048,1049,1050,1065,1066,1067,1068,1083,1084,1085,1086,1102,1103,1104,1105,1120,1121,1122,1123,1139,1140,1141,1142,1157,1158,1159,1160,1169,1175,1183,1191,1192,1202]}",888fdb7f31023162bbf01ff7fec911fd580a4387011aaff98719d12a650b29ef,确认参与发布与否；按内容关联当前源码，旧副本不自动删除或混算。
Client/xr-tmsmx/src.zip,src/views/TMSMGT_ADD/TMSMGT_ADD.vue,压缩包候选，发布身份待确认,Client/xr-tmsmx/src/views/TMSMGT_ADD/TMSMGT_ADD.vue,"{""sql_bind_marker"":[4,5,9,10,45,129],""query_service_names"":[21,26,31,36,43,55,60,65,70,75,94,103,114]}",409ef289ed383734ef5665d23b6f2482949f9ec205d27551a8748344328fa2eb,确认参与发布与否；按内容关联当前源码，旧副本不自动删除或混算。
Client/xr-tmsmx/src.zip,src/views/TMSMGT_HANDLE/TMSMGT_HANDLE.ts,压缩包候选，发布身份待确认,Client/xr-tmsmx/src/views/TMSMGT_HANDLE/TMSMGT_HANDLE.ts,"{""concat_operator"":[107]}",79418d2273cf89951a68799544d8d28cab03896436b5121948a91cfe86d40b57,确认参与发布与否；按内容关联当前源码，旧副本不自动删除或混算。
Client/xr-tmsmx/src.zip,src/views/TMSMGT_HANDLE/TMSMGT_HANDLE.vue,压缩包候选，发布身份待确认,Client/xr-tmsmx/src/views/TMSMGT_HANDLE/TMSMGT_HANDLE.vue,"{""sql_bind_marker"":[4,5,8],""query_service_names"":[56]}",b5904c0bbf3b51cc8370c803884e7650b31adeb7fca051460bd904a6c02f2b09,确认参与发布与否；按内容关联当前源码，旧副本不自动删除或混算。
Client/xr-tmsmx/src.zip,src/views/TMSMGT_HK/TMSMGT_HK.ts,压缩包候选，发布身份待确认,Client/xr-tmsmx/src/views/TMSMGT_HK/TMSMGT_HK.ts,"{""null_blank_semantics"":[95,96,97],""concat_operator"":[95,96,97,98,99]}",5209a3b735f06d52e30ab5bd3efe6c8adda347e287224e9704e2639924901d63,确认参与发布与否；按内容关联当前源码，旧副本不自动删除或混算。
Client/xr-tmsmx/src.zip,src/views/TMSMGT_HK/TMSMGT_HK.vue,压缩包候选，发布身份待确认,Client/xr-tmsmx/src/views/TMSMGT_HK/TMSMGT_HK.vue,"{""sql_bind_marker"":[2,7,13,16],""query_service_names"":[6]}",8b35404be4f54f625d9bd7826e89ec97b46e77f1d95a77104a96818a5af0b1ca,确认参与发布与否；按内容关联当前源码，旧副本不自动删除或混算。
Client/xr-tmsmx/src.zip,src/views/TMSMGT_SHOW/TMSMGT_SHOW.ts,压缩包候选，发布身份待确认,Client/xr-tmsmx/src/views/TMSMGT_SHOW/TMSMGT_SHOW.ts,"{""string_functions"":[53,54]}",f617fa9fa5bbcf11768c665e59df74a3d03548f62e43efbc63a70bbdef3e9118,确认参与发布与否；按内容关联当前源码，旧副本不自动删除或混算。
Client/xr-tmsmx/src.zip,src/views/TMSMGT_SHOW/TMSMGT_SHOW.vue,压缩包候选，发布身份待确认,Client/xr-tmsmx/src/views/TMSMGT_SHOW/TMSMGT_SHOW.vue,"{""sql_bind_marker"":[2,26],""query_service_names"":[6,14]}",6e81312b904dc7b4f3a4e79afd344a699fb66f35c5def4feea3dcda0cd695c66,确认参与发布与否；按内容关联当前源码，旧副本不自动删除或混算。
Client/xr-tmsmx/src.zip,src/views/TMSMGT_WX/TMSMGT_WX.ts,压缩包候选，发布身份待确认,Client/xr-tmsmx/src/views/TMSMGT_WX/TMSMGT_WX.ts,"{""string_functions"":[91,94,97],""null_blank_semantics"":[114,115,116],""concat_operator"":[114,115]}",be1251b92dd4ff4ac254b857960affe6b6cdc5882648873a6cd76ad4f320c833,确认参与发布与否；按内容关联当前源码，旧副本不自动删除或混算。
Client/xr-tmsmx/src.zip,src/views/TMSMGT_WX/TMSMGT_WX.vue,压缩包候选，发布身份待确认,Client/xr-tmsmx/src/views/TMSMGT_WX/TMSMGT_WX.vue,"{""sql_bind_marker"":[2,66,71,74],""query_service_names"":[6,64]}",97a58fa548f5b96b5cb965e006f89911062c373f5f1ca439a4499ff83f752733,确认参与发布与否；按内容关联当前源码，旧副本不自动删除或混算。
Client/xr-tmsmx/src.zip,src/views/TMSMPZ/TMSMPZ.ts,压缩包候选，发布身份待确认,Client/xr-tmsmx/src/views/TMSMPZ/TMSMPZ.ts,"{""null_blank_semantics"":[42,48],""query_service_names"":[25,118,120,122,123,125]}",ef4224255da5812c9dce5abda37bd6934c29795c38e948faa1e531a4bfc17990,确认参与发布与否；按内容关联当前源码，旧副本不自动删除或混算。
Client/xr-tmsmx/src.zip,src/views/TMSMPZ/TMSMPZ.vue,压缩包候选，发布身份待确认,Client/xr-tmsmx/src/views/TMSMPZ/TMSMPZ.vue,"{""sql_bind_marker"":[3,13,25,40],""query_service_names"":[13,25]}",b039c446383914ed19ba19bb5fcf99e9f3593642b3c9381f36bbedb556046995,确认参与发布与否；按内容关联当前源码，旧副本不自动删除或混算。
Client/xr-tmsmx/src.zip,src/views/TMSMQXDRS2N/TMSMQXDRS2N.ts,压缩包候选，发布身份待确认,,"{""sql_bind_marker"":[3,4],""concat_operator"":[181,182],""query_service_names"":[14]}",261a07c5ff753642f26370f06a1f2df034dbfee78f1846ba8ff67099da6d4edb,确认参与发布与否；按内容关联当前源码，旧副本不自动删除或混算。
Client/xr-tmsmx/src.zip,src/views/TMSMQXDRS2N/TMSMQXDRS2N.vue,压缩包候选，发布身份待确认,,"{""sql_bind_marker"":[3,5,16,29,30,35,46,48,68],""date_time_extra"":[45],""query_service_names"":[4,15,34]}",b89d59aeb80a7d0ac821e4dfc1b48384f5b32610b055f2ede0f00791eb62a46d,确认参与发布与否；按内容关联当前源码，旧副本不自动删除或混算。
Client/xr-tmsmx/src.zip,src/views/TMSMSCS2N/TMSMSCS2N.ts,压缩包候选，发布身份待确认,Client/xr-tmsmx/src/views/TMSMSCS2N/TMSMSCS2N.ts,"{""sql_bind_marker"":[29],""model_crud"":[216],""string_functions"":[181,188,266],""concat_operator"":[267,271]}",d6d428df2371f0e226c9ff91566fafebc5272f52042c92fc799b0850e51516cb,确认参与发布与否；按内容关联当前源码，旧副本不自动删除或混算。
Client/xr-tmsmx/src.zip,src/views/TMSMSCS2N/TMSMSCS2N.vue,压缩包候选，发布身份待确认,Client/xr-tmsmx/src/views/TMSMSCS2N/TMSMSCS2N.vue,"{""sql_bind_marker"":[2,3,4,5,6,10,11,32,34,39,44,60],""query_service_names"":[13]}",fddc1985b329b5e9bae9e72a45d090b5620257c17b8ca8312e15cd636622a99f,确认参与发布与否；按内容关联当前源码，旧副本不自动删除或混算。
Client/xr-tmsmx/src.zip,src/views/TMSMXXAV/TMSMXXAV.ts,压缩包候选，发布身份待确认,Client/xr-tmsmx/src/views/TMSMXXAV/TMSMXXAV.ts,"{""null_blank_semantics"":[42,48,50],""query_service_names"":[25,90,91,92,93,94,95,96,97,111,113,143,146,176,179,209,222,223,242,271,326,330,334,338,342,349,350,357,358,376,393,410,437,455,508,527,546,565]}",512278c1fd269155fcf6c12d44fc99d4dec4370c5e0ab0b44f0d5fe29bca8c0c,确认参与发布与否；按内容关联当前源码，旧副本不自动删除或混算。
Client/xr-tmsmx/src.zip,src/views/TMSMXXAV/TMSMXXAV.vue,压缩包候选，发布身份待确认,Client/xr-tmsmx/src/views/TMSMXXAV/TMSMXXAV.vue,"{""sql_bind_marker"":[4,30,43,96],""query_service_names"":[18,29,50,60,70,80]}",0cedd97a5b8af29bafb67a597d6901d9fd9915c8f145861649f5b733f58e03ce,确认参与发布与否；按内容关联当前源码，旧副本不自动删除或混算。
Client/xr-tmsmx/src.zip,src/vite-env.d.ts,压缩包候选，发布身份待确认,,"{""sql_bind_marker"":[2,3,4,5,6,30,33,36,39,42,43]}",7dd66637f5d34ad206d8aaf5daec8f1a3d83747645d60c1931778fd43ece4961,确认参与发布与否；按内容关联当前源码，旧副本不自动删除或混算。
Client/xr-tmsmx/src/views/TMSM200AV.zip,TMSM200AV/TMSM200AV.ts,压缩包候选，发布身份待确认,,"{""sql_keywords"":[126],""sql_bind_marker"":[2],""sql_generation"":[126],""direct_client_query"":[128],""dynamic_sql_payload"":[128],""sql_building_extended"":[126],""string_functions"":[96,97,99,100,101,102,103,104,137,205,216,219,229,236,250],""numeric_conversion"":[233],""date_time_extra"":[164,165,166,167,168,169,170,181,182,183,185,233],""null_blank_semantics"":[53,87,94],""concat_operator"":[197,644,645,646],""query_service_names"":[32]}",4fb8e4811006e0ea8f5c69ea21042bef3138239f40d70e5756c199dba38cee20,确认参与发布与否；按内容关联当前源码，旧副本不自动删除或混算。
Client/xr-tmsmx/src/views/TMSM200AV.zip,TMSM200AV/TMSM200AV.vue,压缩包候选，发布身份待确认,Client/xr-tmsmx/src/views/TMSM200AV/TMSM200AV.vue,"{""sql_bind_marker"":[3,15,16,23,25,33],""query_service_names"":[6,14]}",439f881eb53bcc3349b89a493ef4f62a9146e81b6bca59369fc1885fdf4a612a,确认参与发布与否；按内容关联当前源码，旧副本不自动删除或混算。
Client/xr-wmgh/src.zip,src/App.vue,压缩包候选，发布身份待确认,,"{""sql_bind_marker"":[2,3,4,5,6,24],""query_service_names"":[41,45,50,56]}",ee45bff267917dd17be0d471b0d77cd7a1832c0f2a73dd404903753f2c44b0c9,确认参与发布与否；按内容关联当前源码，旧副本不自动删除或混算。
Client/xr-wmgh/src.zip,src/components/disPlayDiy/ChartCons.vue,压缩包候选，发布身份待确认,,"{""sql_bind_marker"":[2],""numeric_conversion"":[49,50]}",75405d2f7a8659cc3a683f0ed59eaddf8f0266f258f2777313dde243bbf39540,确认参与发布与否；按内容关联当前源码，旧副本不自动删除或混算。
Client/xr-wmgh/src.zip,src/components/disPlayDiy/DisFosm.vue,压缩包候选，发布身份待确认,,"{""sql_bind_marker"":[2,20,21,28,33,35,46,47,50,61],""string_functions"":[227],""numeric_conversion"":[161,162]}",bbb3d580055b0e5ffac11fbebb05874d10c89efcbb04856eae6576e1c7bfeb6f,确认参与发布与否；按内容关联当前源码，旧副本不自动删除或混算。
Client/xr-wmgh/src.zip,src/components/disPlayDiy/display-widget/list-widget.vue,压缩包候选，发布身份待确认,,"{""sql_bind_marker"":[88,93,98,103]}",b17182e440dcbc355075fe391bf390bc786c2825b85bcb5b143b1fcb7424e8aa,确认参与发布与否；按内容关联当前源码，旧副本不自动删除或混算。
Client/xr-wmgh/src.zip,src/components/disPlayDiy/display-widget/quarter-widget.vue,压缩包候选，发布身份待确认,Client/xr-wmgh/src/components/disPlayDiy/display-widget/quarter-widget.vue,"{""sql_bind_marker"":[103,108,113,118],""null_blank_semantics"":[47]}",c124b39405f158389dd99fdcae39181530ebb8e3587eedf934002e3e9ffe8675,确认参与发布与否；按内容关联当前源码，旧副本不自动删除或混算。
Client/xr-wmgh/src.zip,src/components/disPlayDiy/display-widget/single-widget.vue,压缩包候选，发布身份待确认,Client/xr-wmgh/src/components/disPlayDiy/display-widget/single-widget.vue,"{""sql_bind_marker"":[45,50,55,60]}",ef7bb72ac016ad1d8786989bafc8aa4de81ed567cd3d29c3e09cec8550a88af1,确认参与发布与否；按内容关联当前源码，旧副本不自动删除或混算。
Client/xr-wmgh/src.zip,src/components/disPlayDiy/display-widget/steps-widget.vue,压缩包候选，发布身份待确认,Client/xr-wmgh/src/components/disPlayDiy/display-widget/steps-widget.vue,"{""sql_bind_marker"":[105,110,115,120]}",9ea9d1272f755b50e4a179deb59c35f903d841b060e84b6f268dafe0761d6dcc,确认参与发布与否；按内容关联当前源码，旧副本不自动删除或混算。
Client/xr-wmgh/src.zip,src/components/disPlayDiy/ListTabs.vue,压缩包候选，发布身份待确认,,"{""sql_bind_marker"":[5,6],""config_query_framework"":[37,43,59,60],""numeric_conversion"":[72],""date_time_extra"":[8]}",00def6c942565124fc64add8d402a924c426025dd18632312968e9c00a58a498,确认参与发布与否；按内容关联当前源码，旧副本不自动删除或混算。
Client/xr-wmgh/src.zip,src/components/diyconfig.ts,压缩包候选，发布身份待确认,Client/xr-wmgh/src/components/diyconfig.ts,"{""concat_operator"":[5],""query_service_names"":[3]}",2ba05184565d4e7544e5238d2a3b0a6cf691eff218ac9af2ca91475525fb403d,确认参与发布与否；按内容关联当前源码，旧副本不自动删除或混算。
Client/xr-wmgh/src.zip,src/components/Result/svg/unauthorized.vue,压缩包候选，发布身份待确认,,"{""sql_bind_marker"":[2,3,4,5,6]}",c4c82dd5a3461beebd57458b188520b42612a4f2ae05e35a9e90ec1f8cc4c23b,确认参与发布与否；按内容关联当前源码，旧副本不自动删除或混算。
Client/xr-wmgh/src.zip,src/components/RichTextEditor.vue,压缩包候选，发布身份待确认,,"{""sql_keywords"":[43],""sql_bind_marker"":[7,13,16,19,20],""sql_generation"":[43],""direct_client_query"":[44],""dynamic_sql_payload"":[44],""sql_building_extended"":[43],""query_service_names"":[4,7,19,68,70,141,142]}",fd14260842eadbaa5f79227088a5d86cecf306e57e36c1a09cdf7fec5b1edbe9,确认参与发布与否；按内容关联当前源码，旧副本不自动删除或混算。
Client/xr-wmgh/src.zip,src/components/utils/util.ts,压缩包候选，发布身份待确认,,"{""string_functions"":[138,139,140],""null_blank_semantics"":[39,61,77,114]}",ad1e4cd9be96cfe29a4c4c94172888c975fa12c53a2be324e50676a9a09bdfd0,确认参与发布与否；按内容关联当前源码，旧副本不自动删除或混算。
Client/xr-wmgh/src.zip,src/main.ts,压缩包候选，发布身份待确认,,"{""sql_bind_marker"":[2,3,4,5,6,35,158],""concat_operator"":[121,190,192]}",fed52a766dc80235d093f60ce97b013c205e826135adc0926be07772be69d43f,确认参与发布与否；按内容关联当前源码，旧副本不自动删除或混算。
Client/xr-wmgh/src.zip,src/model/data.d.ts,压缩包候选，发布身份待确认,,"{""sql_bind_marker"":[2,3,4,5,6]}",6fa138c6f11c7deda9fdf373bc05760b778bd8b49b9fd921636adb342983eb69,确认参与发布与否；按内容关联当前源码，旧副本不自动删除或混算。
Client/xr-wmgh/src.zip,src/router/index.ts,压缩包候选，发布身份待确认,,"{""sql_bind_marker"":[2,3,4,5,6],""string_functions"":[17,43]}",26f42947b5e76a23634e4e513eb6907a3552d2d0f10381ad0123fea79d0a803d,确认参与发布与否；按内容关联当前源码，旧副本不自动删除或混算。
Client/xr-wmgh/src.zip,src/utils/i18n/local.zh.ts,压缩包候选，发布身份待确认,,"{""sql_keywords"":[100,101,105,106,352,370,396,397,404,405,406],""group_hierarchy_window"":[193,194,230,328]}",63d7a87b798d78360a8e4435d922602709ae2ce7af29f7b7e0783e06cb4578fa,确认参与发布与否；按内容关联当前源码，旧副本不自动删除或混算。
Client/xr-wmgh/src.zip,src/utils/theme.ts,压缩包候选，发布身份待确认,,"{""sql_bind_marker"":[2,3,4,5,6],""concat_operator"":[10]}",10bb9e2b0e4439769e4e10eda5bb34a043421ee1065cf3ac25232755484aad17,确认参与发布与否；按内容关联当前源码，旧副本不自动删除或混算。
Client/xr-wmgh/src.zip,src/views/404/index.vue,压缩包候选，发布身份待确认,,"{""sql_bind_marker"":[2,3,4,5,6]}",027b80671b5f00d200065eb78b3d4e741fba1158bb7e71b6b4bead8abb2497f8,确认参与发布与否；按内容关联当前源码，旧副本不自动删除或混算。
Client/xr-wmgh/src.zip,src/views/MRBWFOSM/MRBWFOSM.ts,压缩包候选，发布身份待确认,,"{""config_query_framework"":[37,79,80,82,108,109,111,136]}",aec31147e14e7250febb2950771bcf2dd03125edd7152b7aea6eecf8326c337f,确认参与发布与否；按内容关联当前源码，旧副本不自动删除或混算。
Client/xr-wmgh/src.zip,src/views/MRBWFOSM/MRBWFOSM.vue,压缩包候选，发布身份待确认,,"{""sql_bind_marker"":[2,8],""config_query_framework"":[4]}",ec151c1eff5e9beed2783a70dedc307025354d20a26d9b501888975e4aa537de,确认参与发布与否；按内容关联当前源码，旧副本不自动删除或混算。
Client/xr-wmgh/src.zip,src/views/MRBWGRID/MRBWGRID.vue,压缩包候选，发布身份待确认,,"{""sql_bind_marker"":[6,8]}",a0cd03562a74dee08b704e24aa148ae963da87d1d8df9cae3c5776e294ae1b5a,确认参与发布与否；按内容关联当前源码，旧副本不自动删除或混算。
Client/xr-wmgh/src.zip,src/views/MRBWSHOW/MRBWSHOW.scss,压缩包候选，发布身份待确认,Client/xr-wmgh/src/views/WMSMSHOWS2N/WMSMSHOWS2N.scss,"{""sql_bind_marker"":[1]}",963967b904df5903498ce37a5315910904d77c63eb0db5476f43028e8eb88d57,确认参与发布与否；按内容关联当前源码，旧副本不自动删除或混算。
Client/xr-wmgh/src.zip,src/views/MRBWSHOW/MRBWSHOW.ts,压缩包候选，发布身份待确认,,"{""null_blank_semantics"":[65]}",7c90658a1c5706214d4994e62e03b68685432473328d9118ac7449a3df2cdc66,确认参与发布与否；按内容关联当前源码，旧副本不自动删除或混算。
Client/xr-wmgh/src.zip,src/views/MRBWSHOW/MRBWSHOW.vue,压缩包候选，发布身份待确认,,"{""sql_bind_marker"":[3,6,48]}",56ceb88111cf05f830f3c56ac91856613d63064ddcbd8738044206905298859c,确认参与发布与否；按内容关联当前源码，旧副本不自动删除或混算。
Client/xr-wmgh/src.zip,src/views/WMSMCZTSCPS2N/WMSMCZTSCPS2N.scss,压缩包候选，发布身份待确认,Client/xr-wmgh/src/views/WMSMCZTSCPS2N/WMSMCZTSCPS2N.scss,"{""sql_bind_marker"":[53]}",0fb4a70fa0da195166f105e059e04391386b41e699abdbcc494768e244466aa4,确认参与发布与否；按内容关联当前源码，旧副本不自动删除或混算。
Client/xr-wmgh/src.zip,src/views/WMSMCZTSCPS2N/WMSMCZTSCPS2N.ts,压缩包候选，发布身份待确认,Client/xr-wmgh/src/views/WMSMCZTSCPS2N/WMSMCZTSCPS2N.ts,"{""sql_keywords"":[145,153,160],""sql_bind_marker"":[23],""sql_generation"":[145,153,160],""direct_client_query"":[146,154,161],""dynamic_sql_payload"":[146,154,161],""sql_building_extended"":[145,153,160],""string_functions"":[123,160,167,306],""date_time_extra"":[75,85],""group_hierarchy_window"":[23,33],""ordering_limit"":[160],""null_blank_semantics"":[52,55,59,60,67,225,282,283,293,294,302],""concat_operator"":[102,167]}",a783923cbdc52fc409d604600b08bdb281c3ecdf51565916909cccf570d61d95,确认参与发布与否；按内容关联当前源码，旧副本不自动删除或混算。
Client/xr-wmgh/src.zip,src/views/WMSMCZTSCPS2N/WMSMCZTSCPS2N.vue,压缩包候选，发布身份待确认,Client/xr-wmgh/src/views/WMSMCZTSCPS2N/WMSMCZTSCPS2N.vue,"{""sql_keywords"":[11,14,18,23],""sql_bind_marker"":[2,5,15,19,26,33,42,43,135],""group_hierarchy_window"":[20],""null_blank_semantics"":[62,95],""query_service_names"":[3,41,52]}",2abfd2ea10b7cde54daefc89b130f3e008d47e287e33695b1202da190f52f105,确认参与发布与否；按内容关联当前源码，旧副本不自动删除或混算。
Client/xr-wmgh/src.zip,src/views/WMSMCZTSS2N/WMSMCZTSS2N.scss,压缩包候选，发布身份待确认,,"{""sql_bind_marker"":[53]}",b221e9ab674cd2d9d65304ad62ae4cf17af0dd71312bb7bb5163d840ff647dbf,确认参与发布与否；按内容关联当前源码，旧副本不自动删除或混算。
Client/xr-wmgh/src.zip,src/views/WMSMCZTSS2N/WMSMCZTSS2N.ts,压缩包候选，发布身份待确认,,"{""sql_keywords"":[142,150,157,285,286],""row_number_paging"":[285],""sql_bind_marker"":[23],""sql_generation"":[142,150,157,285],""direct_client_query"":[143,151,158,290],""dynamic_sql_payload"":[143,151,158,290],""sql_building_extended"":[142,150,157,285],""string_functions"":[120,164,250,267,274,283,384,420,437,444,530],""date_time_extra"":[72,82],""group_hierarchy_window"":[23,33,285],""ordering_limit"":[157,285],""null_blank_semantics"":[52,55,59,60,64,221,228,229,237,238,246,288,397,398,407,409,416],""concat_operator"":[99,164,267,274,437,444]}",897afb5603703d7016d1046961b0d0f9e6290858ca6af86296f56edb91d8cb46,确认参与发布与否；按内容关联当前源码，旧副本不自动删除或混算。
Client/xr-wmgh/src.zip,src/views/WMSMCZTSS2N/WMSMCZTSS2N.vue,压缩包候选，发布身份待确认,,"{""sql_keywords"":[11,14,18,23],""sql_bind_marker"":[2,5,15,19,26,33,41,57,129],""group_hierarchy_window"":[20],""null_blank_semantics"":[59,89],""query_service_names"":[3,40,49]}",93a389b5b108f3591ce2fe30bd5fdcbe9b51cbe6b3d0701fcbfa6ae2e47cc2ff,确认参与发布与否；按内容关联当前源码，旧副本不自动删除或混算。
Client/xr-wmgh/src.zip,src/views/WMSMCZTSYLS2N/WMSMCZTSYLS2N.scss,压缩包候选，发布身份待确认,Client/xr-wmgh/src/views/WMSMCZTSYLS2N/WMSMCZTSYLS2N.scss,"{""sql_bind_marker"":[64]}",d54ec7a45c450e6cc02326089810c3e7bd8c834474608b6f7ae28fcabff64a4e,确认参与发布与否；按内容关联当前源码，旧副本不自动删除或混算。
Client/xr-wmgh/src.zip,src/views/WMSMCZTSYLS2N/WMSMCZTSYLS2N.ts,压缩包候选，发布身份待确认,Client/xr-wmgh/src/views/WMSMCZTSYLS2N/WMSMCZTSYLS2N.ts,"{""sql_keywords"":[146,154,161],""sql_bind_marker"":[23],""sql_generation"":[146,154,161],""direct_client_query"":[147,155,162],""dynamic_sql_payload"":[147,155,162],""sql_building_extended"":[146,154,161],""string_functions"":[124,161,168,307],""date_time_extra"":[76,86],""group_hierarchy_window"":[23,33],""ordering_limit"":[161],""null_blank_semantics"":[52,55,59,60,68,226,283,284,294,295,303],""concat_operator"":[103,168]}",ff1a6d6eecf542289c5528a481dfcfc0213479bead8f464ee97b15dd4c968f39,确认参与发布与否；按内容关联当前源码，旧副本不自动删除或混算。
Client/xr-wmgh/src.zip,src/views/WMSMCZTSYLS2N/WMSMCZTSYLS2N.vue,压缩包候选，发布身份待确认,Client/xr-wmgh/src/views/WMSMCZTSYLS2N/WMSMCZTSYLS2N.vue,"{""sql_keywords"":[11,14,18,23],""sql_bind_marker"":[2,5,15,19,26,33,42,43,100],""group_hierarchy_window"":[20],""null_blank_semantics"":[59],""query_service_names"":[3,41,52]}",778c3a5eff1045db90f45d0a142890975ad00051859b1af9bc091ba58321732f,确认参与发布与否；按内容关联当前源码，旧副本不自动删除或混算。
Client/xr-wmgh/src.zip,src/views/WMSMFOSM/WMSMFOSM.scss,压缩包候选，发布身份待确认,Client/xr-wmgh/src/views/WMSMFOSM/WMSMFOSM.scss,"{""sql_bind_marker"":[1]}",2ab6a4311a2bceecffaf7ac442f3b553b54c830dc5b574decc7ccda3a6abe164,确认参与发布与否；按内容关联当前源码，旧副本不自动删除或混算。
Client/xr-wmgh/src.zip,src/views/WMSMFOSM/WMSMFOSM.vue,压缩包候选，发布身份待确认,Client/xr-wmgh/src/views/WMSMFOSM/WMSMFOSM.vue,"{""sql_bind_marker"":[2,3,48]}",120c8e59af01da07b54d7480b77d386ead4adc8dc8c791608fb8b4affbec2414,确认参与发布与否；按内容关联当前源码，旧副本不自动删除或混算。
Client/xr-wmgh/src.zip,src/views/WMSMFOSMC/WMSMFOSMC.scss,压缩包候选，发布身份待确认,Client/xr-wmgh/src/views/WMSMFOSMC/WMSMFOSMC.scss,"{""sql_bind_marker"":[1,6,11,16]}",0303065ca979661e1e5a6b55e66bbcf53a2d5490989230ab0969ceb8aeb5922a,确认参与发布与否；按内容关联当前源码，旧副本不自动删除或混算。
Client/xr-wmgh/src.zip,src/views/WMSMFOSMC/WMSMFOSMC.ts,压缩包候选，发布身份待确认,Client/xr-wmgh/src/views/WMSMFOSMC/WMSMFOSMC.ts,"{""string_functions"":[460,461,462],""numeric_conversion"":[320,334,335,336,337,387,401,402,403,404]}",383115e03b93271f83e0210ff15e726a7cc183649e6e4d1eefd7f3de7189bed8,确认参与发布与否；按内容关联当前源码，旧副本不自动删除或混算。
Client/xr-wmgh/src.zip,src/views/WMSMFOSMC/WMSMFOSMC.vue,压缩包候选，发布身份待确认,Client/xr-wmgh/src/views/WMSMFOSMC/WMSMFOSMC.vue,"{""sql_bind_marker"":[180]}",68b8cb789a77748ff67b57d48cbf2b3ed33c47a2ad185f99cceeaf920afe75a1,确认参与发布与否；按内容关联当前源码，旧副本不自动删除或混算。
Client/xr-wmgh/src.zip,src/views/WMSMFOSMQ/WMSMFOSMQ.scss,压缩包候选，发布身份待确认,Client/xr-wmgh/src/views/WMSMFOSMQ/WMSMFOSMQ.scss,"{""sql_bind_marker"":[1,6,11,16]}",6b33a44c9f1de6443fe2c39739831e1534c72ef8f1b50e7d9a0e3fc9da73da98,确认参与发布与否；按内容关联当前源码，旧副本不自动删除或混算。
Client/xr-wmgh/src.zip,src/views/WMSMFOSMQ/WMSMFOSMQ.ts,压缩包候选，发布身份待确认,,"{""numeric_conversion"":[126,146,164,165,166,167,206,223,224,225,226,265,282,283,284,285]}",2613d2b19bc270bdbbc9948f28d38c6294e5b4599f060bb51950e1f9a839643f,确认参与发布与否；按内容关联当前源码，旧副本不自动删除或混算。
Client/xr-wmgh/src.zip,src/views/WMSMFOSMQ/WMSMFOSMQ.vue,压缩包候选，发布身份待确认,Client/xr-wmgh/src/views/WMSMFOSMQ/WMSMFOSMQ.vue,"{""sql_bind_marker"":[125]}",ebd8aab65807546c1c5203d2f2d9c6e0881c03d9b4e2a62e6df03efbee8b09bb,确认参与发布与否；按内容关联当前源码，旧副本不自动删除或混算。
Client/xr-wmgh/src.zip,src/views/WMSMFOSMS/WMSMFOSMS.scss,压缩包候选，发布身份待确认,Client/xr-wmgh/src/views/WMSMFOSMS/WMSMFOSMS.scss,"{""sql_bind_marker"":[1,6,11,16]}",ce81f7e4a8515e4a69a90f34acaa4f14cf5b5b52e8f7539be59c82bec483db20,确认参与发布与否；按内容关联当前源码，旧副本不自动删除或混算。
Client/xr-wmgh/src.zip,src/views/WMSMFOSMS/WMSMFOSMS.ts,压缩包候选，发布身份待确认,Client/xr-wmgh/src/views/WMSMFOSMS/WMSMFOSMS.ts,"{""string_functions"":[298,299,300]}",cbdb6710213dd991ae17a0bc9f40f37dfddaf32f7750158713bc45fd785bc3d1,确认参与发布与否；按内容关联当前源码，旧副本不自动删除或混算。
Client/xr-wmgh/src.zip,src/views/WMSMFOSMS/WMSMFOSMS.vue,压缩包候选，发布身份待确认,Client/xr-wmgh/src/views/WMSMFOSMS/WMSMFOSMS.vue,"{""sql_bind_marker"":[304]}",a51a008d26f2f457ea62d1a3d8302033cef4136ef93a5ef7f52dff78f1a28d1b,确认参与发布与否；按内容关联当前源码，旧副本不自动删除或混算。
Client/xr-wmgh/src.zip,src/views/WMSMGCLRS2N/WMSMGCLRS2N.ts,压缩包候选，发布身份待确认,Client/xr-wmgh/src/views/WMSMGCLRS2N/WMSMGCLRS2N.ts,"{""sql_keywords"":[99],""sql_generation"":[99],""direct_client_query"":[101],""dynamic_sql_payload"":[101],""sql_building_extended"":[99],""string_functions"":[56,108,112,116],""null_blank_semantics"":[108,112,116]}",44404d23fd37f627bc4a3b62d3d2460e842ec58280a71f12485377a1b0673faf,确认参与发布与否；按内容关联当前源码，旧副本不自动删除或混算。
Client/xr-wmgh/src.zip,src/views/WMSMGCLRS2N/WMSMGCLRS2N.vue,压缩包候选，发布身份待确认,Client/xr-wmgh/src/views/WMSMGCLRS2N/WMSMGCLRS2N.vue,"{""sql_bind_marker"":[2,7,17],""query_service_names"":[3]}",1e41f9b51df565822fbf9ab474a176a1b945c8720e1ab435584cbff99784b48a,确认参与发布与否；按内容关联当前源码，旧副本不自动删除或混算。
Client/xr-wmgh/src.zip,src/views/WMSMYRYS2N/WMSMYRYS2N.ts,压缩包候选，发布身份待确认,Client/xr-wmgh/src/views/WMSMYRYS2N/WMSMYRYS2N.ts,"{""sql_bind_marker"":[12],""string_functions"":[344,345,346,347,348,349,414,415,634,635,636,637,638,639,823],""date_time_extra"":[344,345,346,347,348,349,352,357,358,359,360,361,362,364,634,635,636,637,638,639,642],""null_blank_semantics"":[35,57,59,60,62,64,65,679,680,681,682,683,684,741,742,743,744,745,746,747,748,749,823],""concat_operator"":[338,628,823],""query_service_names"":[89,90,95,96]}",bf53bc8817012099bc2e126bfa9a1e65ff0044eadf835e6e1f05d6ecaf06d051,确认参与发布与否；按内容关联当前源码，旧副本不自动删除或混算。
Client/xr-wmgh/src.zip,src/views/WMSMYRYS2N/WMSMYRYS2N.vue,压缩包候选，发布身份待确认,Client/xr-wmgh/src/views/WMSMYRYS2N/WMSMYRYS2N.vue,"{""sql_bind_marker"":[3,57],""query_service_names"":[23,32,41,55,65,74,83,85,101,110,119,128,137,144,158,167,177,186,196]}",b5ea9541f5d31016230f36d1085faa62675487128ee9ffc8e44803c5bdc93900,确认参与发布与否；按内容关联当前源码，旧副本不自动删除或混算。
Client/xr-wmgh/src.zip,src/views/WMSMYRYTSS2N/WMSMYRYTSS2N.ts,压缩包候选，发布身份待确认,Client/xr-wmgh/src/views/WMSMYRYTSS2N/WMSMYRYTSS2N.ts,"{""string_functions"":[176],""null_blank_semantics"":[35,44,46,47,48,50,176],""concat_operator"":[176]}",a503e7e34cde337f88a2f4c9f0fa82d2b762dae1347e6cb075e88e276515b0af,确认参与发布与否；按内容关联当前源码，旧副本不自动删除或混算。
Client/xr-wmgh/src.zip,src/views/WMSMYRYTSS2N/WMSMYRYTSS2N.vue,压缩包候选，发布身份待确认,Client/xr-wmgh/src/views/WMSMYRYTSS2N/WMSMYRYTSS2N.vue,"{""sql_bind_marker"":[4,26],""query_service_names"":[13,24]}",017a610cfa6a7c17760d9ee1236dcf20d32bac66fdef6722aba672ff2409a4c1,确认参与发布与否；按内容关联当前源码，旧副本不自动删除或混算。
Client/xr-wmgh/src.zip,src/vite-env.d.ts,压缩包候选，发布身份待确认,,"{""sql_bind_marker"":[2,3,4,5,6,30,33,36,39,43,44]}",5f687f338e007c2770644d2c3763d492fd7a382eaadc1d8844122d221541bc4d,确认参与发布与否；按内容关联当前源码，旧副本不自动删除或混算。
Client/xr-wmsmx/src/views/WMSMQUERY.zip,WMSMQUERY/WMSMQUERY.ts,压缩包候选，发布身份待确认,,"{""sql_keywords"":[102,110],""sql_bind_marker"":[102],""sql_generation"":[102,110],""direct_client_query"":[103,111],""dynamic_sql_payload"":[103,111],""sql_building_extended"":[102,110],""string_functions"":[57,59,60],""concat_operator"":[102,169,197]}",f6d6291d10ab1bec442fb2e2961be46ae33331e5105339a4c93ea86bf6d077f1,确认参与发布与否；按内容关联当前源码，旧副本不自动删除或混算。
Client/xr-wmsmx/src/views/WMSMQUERY.zip,WMSMQUERY/WMSMQUERY.vue,压缩包候选，发布身份待确认,,"{""sql_bind_marker"":[2,20],""query_service_names"":[4,8,13]}",52560df0a4b79b4b6a65a974fa42fd0bb3551cb18af01f7e463f622f9bee6ebb,确认参与发布与否；按内容关联当前源码，旧副本不自动删除或混算。
Client/xr-wmsmx/src/views/WMSMZD.rar,WMSMZD/WMSMZD.ts,压缩包候选，发布身份待确认,,"{""query_service_names"":[182,184,186,187,189]}",142eb382223f1568fc2c1692c8c2f517d3afdf4f658e7b467c03269e451677fd,确认参与发布与否；按内容关联当前源码，旧副本不自动删除或混算。
Client/xr-wmsmx/src/views/WMSMZD.rar,WMSMZD/WMSMZD.vue,压缩包候选，发布身份待确认,,"{""sql_bind_marker"":[3,13,14,24],""query_service_names"":[6,12,23]}",fea8a09a77e587ee65544961e22e0a25dcd7084b1ed8edf470c9dbcc3ee3f08b,确认参与发布与否；按内容关联当前源码，旧副本不自动删除或混算。
