id,counterparty,source,interface_id,direction,protocol,service_or_telegram,table_or_program_job,retry_ack_rules,owner,definition_state,validation_state
EXT-01,产销系统,第二份方案4.5.1/P158,,,,,,,,待RQ-08；一个对接方可展开多条接口,未联调
EXT-02,物流系统,第二份方案4.5.1/P158,,,,,,,,待RQ-08；一个对接方可展开多条接口,未联调
EXT-03,资源综合利用系统,第二份方案4.5.1/P158,,,,,,,,待RQ-08；一个对接方可展开多条接口,未联调
EXT-04,铁区动态管控系统,第二份方案4.5.1/P158,,,,,,,,待RQ-08；一个对接方可展开多条接口,未联调
EXT-05,能源动态管控系统,第二份方案4.5.1/P158,,,,,,,,待RQ-08；一个对接方可展开多条接口,未联调
EXT-06,计量系统,第二份方案4.5.1/P158,,,,,,,,待RQ-08；一个对接方可展开多条接口,未联调
EXT-07,智慧质量系统,第二份方案4.5.1/P158,,,,,,,,待RQ-08；一个对接方可展开多条接口,未联调
EXT-08,炼钢二厂南区MES系统,第二份方案4.5.1/P158,,,,,,,,待RQ-08；一个对接方可展开多条接口,未联调
EXT-09,炼钢一厂不锈钢MES系统,第二份方案4.5.1/P158,,,,,,,,待RQ-08；一个对接方可展开多条接口,未联调
EXT-10,炼钢一厂碳钢MES系统,第二份方案4.5.1/P158,,,,,,,,待RQ-08；一个对接方可展开多条接口,未联调
EXT-11,热连轧2250MES系统,第二份方案4.5.1/P158,,,,,,,,待RQ-08；一个对接方可展开多条接口,未联调
EXT-12,热连轧1549MES系统,第二份方案4.5.1/P158,,,,,,,,待RQ-08；一个对接方可展开多条接口,未联调
EXT-13,型材厂MES系统,第二份方案4.5.1/P158,,,,,,,,待RQ-08；一个对接方可展开多条接口,未联调
EXT-14,不锈线材厂MES系统,第二份方案4.5.1/P158,,,,,,,,待RQ-08；一个对接方可展开多条接口,未联调
EXT-15,4300中厚板厂MES系统,第二份方案4.5.1/P158,,,,,,,,待RQ-08；一个对接方可展开多条接口,未联调
EXT-16,太钢中板MES,第二份方案4.5.1/P158,,,,,,,,待RQ-08；一个对接方可展开多条接口,未联调
EXT-17,L2 com系统(含板坯库L2系统),第二份方案4.5.1/P158,,,,,,,,待RQ-08；一个对接方可展开多条接口,未联调
EXT-18,检化验L2系统,第二份方案4.5.1/P158,,,,,,,,待RQ-08；一个对接方可展开多条接口,未联调
EXT-19,炼钢二厂iPlat集控平台,第二份方案4.5.1/P158,,,,,,,,待RQ-08；一个对接方可展开多条接口,未联调
EXT-20,倒罐站数采系统,第二份方案4.5.1/P158,,,,,,,,待RQ-08；一个对接方可展开多条接口,未联调
EXT-21,不锈冷轧系统,第二份方案4.5.1/P158,,,,,,,,待RQ-08；一个对接方可展开多条接口,未联调
