id,title,code_review_order,features,recommendation,validation
R01,数据库分支选路,P1,db_kind_branch,确认实际 BM2 DatabaseKind 映射，逐一审查目标分支与 default；仅修改有证据的业务分支差异。,静态核对各分支最终 SQL 与 DM8 官方语法；映射未知只影响对应条目，不阻塞其他转换。
R02,动态与配置SQL来源,P1,config_query_framework;direct_client_query;dynamic_sql_payload,关联产生端、执行端、配置定义及实际 SQL；注释、类型声明和普通数据源属性先辨别。,还原最终 SQL 模板并核对语法、别名和参数位置；只对源码未包含的模板索取 SQL 文本。
R03,序列与并发锁,P1,lock_for_update;sequence_identity,检查序列引用与 FOR UPDATE 表达式，保持现有编号、条件和锁语义；不承担序列对象或状态迁移。,按官方语法核对对象引用、返回格式和锁子句，保持业务控制流；特殊映射作为单项条件记录。
R04,系统目录与元数据,P1,catalog_metadata;db2_dummy_catalog;schema_metadata_api,核对目录查询、模式过滤、类型名称和长度含义，检查元数据消费者的分支。,核对目标目录及返回列契约；仅在具体类型映射无法判定时记录所需字段信息，不索取全库 DDL。
R05,函数分页与查询语义,P2,date_formatting;date_time_extra;decode_function;group_hierarchy_window;oracle_outer_join;row_number_paging;timestamp_arithmetic,逐条确认日期、条件、连接、层次/窗口及分页语义；这些特征本身不等于不兼容。,按官方函数签名核对参数顺序、单位、NULL、排序与边界；保留查询条件、别名、返回列及业务口径。
R06,其他数据库方言分支,P2,current_time_special;db2_fetch_first;db2_isolation;db_object_program;stored_program_call,审查语句所在分支与目标 SQL；仅适配应用中的程序调用，不承担库内对象创建与迁移。,核对达梦原生签名和语法；需要兼容模式或调用签名的信息只登记到对应条目。
R07,类型长度与空值,P2,concat_operator;null_blank_semantics;null_functions;numeric_conversion;string_functions,区分宿主语言运算与 SQL，检查显式/隐式类型转换、UTF-8 长度、NULL 与空串；不做数据清洗或字段迁移。,静态核对表达式类型和函数行为；只有决定某条改写所必需的字段类型/模式信息才单独标注。
R08,业务事务与错误处理,P2,db_error_branch;db_transaction_and_errors;transaction_api,沿用已适配 BM2，保留事务控制流；仅处理数据库错误分类或语法导致的应用差异，不顺带修复历史业务问题。,检查改动是否保持原有错误分支与提交/回滚边界；代码错误分类需平台合同的，仅单项待确认。
R09,常规访问与SQL构造,P3,database_api;dml_ddl;merge_upsert;model_crud;ordering_limit;query_execution;sql_bind_marker;sql_building_extended;sql_generation;sql_keywords,识别实际 SQL/模型调用及业务使用情况，沿用已适配框架，记录保留或修改依据。,静态检查 SELECT/INSERT/UPDATE/DELETE 的条件、列映射、排序、别名和参数；记录保留或转换依据及未运行状态。
R10,部署或辅助材料,P3,database_provider_reference;query_service_names,仅作为 SQL 来源与调用路径辅助证据；环境配置不输出值，不要求搭建运行环境。,静态关联调用方和执行端；存在不同源码版本时标注差异及待确认身份，不据此暂停其他 SQL 转换。
