file	line	text
p_fosmt_28180/fosm02_inq.cpp	216	" CASE WHEN C.TOTAL_OPERATE_CYCLE IS NULL OR CASE WHEN B.REMARK IS NULL THEN DATEDIFF(DAY, TO_DATE(C.BREAKDN_DATE,'YYYYMMDD'), TO_DATE(@DATE_TIME,'YYYYMMDD')) ELSE B.TOTAL_OPERATE_CYCLE END IS NULL THEN NULL ELSE GREATEST(C.TOTAL_OPERATE_CY
p_fosmt_28180/fosm02_inq.cpp	259	" CAST(ROUND(DECODE(A.SLAB_WT + B.SLAB_WT, 0, 0, B.SLAB_WT / (A.SLAB_WT + B.SLAB_WT)), 2) AS DECIMAL(5,2)) PRODUCT_RATE,"
p_fosmt_28180/fosm02_inq.cpp	263	" CAST(DECODE(C.PLAN_SLAB_WT_1, 0, 0, A.ACCUM_SLAB_WT / C.PLAN_SLAB_WT_1) * 100 AS DECIMAL(4,1)) PROD_PROGRESS_1,"
p_fosmt_28180/fosm02_inq.cpp	264	" CAST(DECODE(C.PLAN_SLAB_WT_2, 0, 0, B.ACCUM_SLAB_WT / C.PLAN_SLAB_WT_2) * 100 AS DECIMAL(4,1)) PROD_PROGRESS_2,"
p_fosmt_28180/fosm02_inq.cpp	265	" CAST(DECODE(C.PLAN_SLAB_WT, 0, 0, (A.ACCUM_SLAB_WT + B.ACCUM_SLAB_WT) / C.PLAN_SLAB_WT) * 100 AS DECIMAL(4,1)) PROD_PROGRESS,"
p_fosmt_28180/fosm02_inq.cpp	863	" DECODE(B.START_TIME, ' ', ' ', (TO_CHAR(TO_DATE(B.START_TIME, 'YYYYMMDDHH24MISS'), 'HH24:MI')) || '-' ||"
p_fosmt_28180/fosm02_inq.cpp	864	" DECODE(B.START_TIME, ' ', ' ', TO_CHAR(TO_DATE(B.END_TIME, 'YYYYMMDDHH24MISS'), 'HH24:MI'))) PERIOD_TIME,"
p_fosmt_28180/fosm02_inq.cpp	911	" DECODE(B.START_TIME, ' ', ' ', (TO_CHAR(TO_DATE(B.START_TIME, 'YYYYMMDDHH24MISS'), 'HH24:MI')) || '-' ||"
p_fosmt_28180/fosm02_inq.cpp	912	" DECODE(B.START_TIME, ' ', ' ', TO_CHAR(TO_DATE(B.END_TIME, 'YYYYMMDDHH24MISS'), 'HH24:MI'))) PERIOD_TIME,"
p_fosmt_28180/fosmt00_inq.cpp	216	" CASE WHEN C.TOTAL_OPERATE_CYCLE IS NULL OR CASE WHEN B.REMARK IS NULL THEN DATEDIFF(DAY, TO_DATE(C.BREAKDN_DATE,'YYYYMMDD'), TO_DATE(@DATE_TIME,'YYYYMMDD')) ELSE B.TOTAL_OPERATE_CYCLE END IS NULL THEN NULL ELSE GREATEST(C.TOTAL_OPERATE_CY
p_fosmt_28180/fosmt00_inq.cpp	259	" CAST(ROUND(DECODE(A.SLAB_WT + B.SLAB_WT, 0, 0, B.SLAB_WT / (A.SLAB_WT + B.SLAB_WT)), 2) AS DECIMAL(5,2)) PRODUCT_RATE,"
p_fosmt_28180/fosmt00_inq.cpp	263	" CAST(DECODE(C.PLAN_SLAB_WT_1, 0, 0, A.ACCUM_SLAB_WT / C.PLAN_SLAB_WT_1) * 100 AS DECIMAL(4,1)) PROD_PROGRESS_1,"
p_fosmt_28180/fosmt00_inq.cpp	264	" CAST(DECODE(C.PLAN_SLAB_WT_2, 0, 0, B.ACCUM_SLAB_WT / C.PLAN_SLAB_WT_2) * 100 AS DECIMAL(4,1)) PROD_PROGRESS_2,"
p_fosmt_28180/fosmt00_inq.cpp	265	" CAST(DECODE(C.PLAN_SLAB_WT, 0, 0, (A.ACCUM_SLAB_WT + B.ACCUM_SLAB_WT) / C.PLAN_SLAB_WT) * 100 AS DECIMAL(4,1)) PROD_PROGRESS,"
p_fosmt_28180/fosmt00_inq.cpp	863	" DECODE(B.START_TIME, ' ', ' ', (TO_CHAR(TO_DATE(B.START_TIME, 'YYYYMMDDHH24MISS'), 'HH24:MI')) || '-' ||"
p_fosmt_28180/fosmt00_inq.cpp	864	" DECODE(B.START_TIME, ' ', ' ', TO_CHAR(TO_DATE(B.END_TIME, 'YYYYMMDDHH24MISS'), 'HH24:MI'))) PERIOD_TIME,"
p_fosmt_28180/fosmt00_inq.cpp	911	" DECODE(B.START_TIME, ' ', ' ', (TO_CHAR(TO_DATE(B.START_TIME, 'YYYYMMDDHH24MISS'), 'HH24:MI')) || '-' ||"
p_fosmt_28180/fosmt00_inq.cpp	912	" DECODE(B.START_TIME, ' ', ' ', TO_CHAR(TO_DATE(B.END_TIME, 'YYYYMMDDHH24MISS'), 'HH24:MI'))) PERIOD_TIME,"
